Municipio;Votos;% votos validos no municipio
GARANHUNS;8397;11,65
RECIFE;418;0,05
BREJÃO;260;3,63
IATI;227;2,13
CARUARU;207;0,11
SÃO JOÃO;190;1,48
JABOATÃO DOS GUARARAPES;188;0,06
JUREMA;168;1,94
CORRENTES;152;1,6
GRAVATÁ;139;0,3
BOM CONSELHO;135;0,54
LAGOA DO OURO;99;1,16
TEREZINHA;97;1,96
PANELAS;58;0,4
CAETÉS;57;0,41
PARANATAMA;52;0,57
SALOÁ;52;0,59
LAJEDO;47;0,2
PESQUEIRA;32;0,09
CAPOEIRAS;31;0,27
PEDRA;31;0,22
ANGELIM;30;0,44
CANHOTINHO;30;0,24
OLINDA;28;0,01
SÃO BENTO DO UNA;28;0,11
ÁGUAS BELAS;28;0,12
BEZERROS;27;0,08
PAULISTA;25;0,01
TAQUARITINGA DO NORTE;25;0,15
CABO DE SANTO AGOSTINHO;24;0,02
JUCATI;21;0,29
JUPI;21;0,21
ITAÍBA;20;0,13
SANTA MARIA DA BOA VISTA;19;0,08
CALÇADO;18;0,31
PALMEIRINA;17;0,41
FLORESTA;16;0,09
SÃO LOURENÇO DA MATA;15;0,02
PETROLINA;12;0,01
SANTA CRUZ DO CAPIBARIBE;12;0,02
VENTUROSA;12;0,11
AFRÂNIO;10;0,08
ALTINHO;10;0,08
AGRESTINA;9;0,06
POMBOS;9;0,06
QUIPAPÁ;9;0,09
BELO JARDIM;8;0,02
BREJO DA MADRE DE DEUS;8;0,03
CACHOEIRINHA;8;0,07
LAGOA DOS GATOS;7;0,08
ARCOVERDE;6;0,02
ESCADA;6;0,02
IGARASSU;5;0,01
NAZARÉ DA MATA;5;0,03
RIBEIRÃO;5;0,02
SURUBIM;5;0,01
TUPANATINGA;5;0,04
BONITO;4;0,02
FERREIROS;4;0,06
IBIRAJUBA;4;0,08
SÃO JOSÉ DA COROA GRANDE;4;0,03
ÁGUA PRETA;4;0,03
ABREU E LIMA;3;0,01
CAMARAGIBE;3;0,01
CAMOCIM DE SÃO FÉLIX;3;0,03
CHÃ GRANDE;3;0,02
MORENO;3;0,01
PALMARES;3;0,01
RIACHO DAS ALMAS;3;0,02
SIRINHAÉM;3;0,01
VITÓRIA DE SANTO ANTÃO;3;0,01
CATENDE;2;0,01
CUPIRA;2;0,01
IBIMIRIM;2;0,01
ILHA DE ITAMARACÁ;2;0,01
IPOJUCA;2;0,01
LIMOEIRO;2;0,01
PETROLÂNDIA;2;0,01
RIO FORMOSO;2;0,02
SALGADINHO;2;0,04
TACAIMBÓ;2;0,03
TAMANDARÉ;2;0,01
AFOGADOS DA INGAZEIRA;1;0,01
AMARAJI;1;0,01
BARREIROS;1;0,01
BREJINHO;1;0,02
BUÍQUE;1;0,01
CAMUTANGA;1;0,02
CARPINA;1;0,01
CUMARU;1;0,01
GLÓRIA DO GOITÁ;1;0,01
INAJÁ;1;0,01
JAQUEIRA;1;0,02
OURICURI;1;0,01
SAIRÉ;1;0,01
SALGUEIRO;1;0,01
SANHARÓ;1;0,01
SANTA MARIA DO CAMBUCÁ;1;0,01
SERRA TALHADA;1;0,01
SERTÂNIA;1;0,01
SÃO BENEDITO DO SUL;1;0,02
SÃO JOSÉ DO EGITO;1;0,01
TABIRA;1;0,01
TORITAMA;1;0,01
VERTENTE DO LÉRIO;1;0,02
VERTENTES;1;0,01
ALAGOINHA;0;0,0
ALIANÇA;0;0,0
ARARIPINA;0;0,0
ARAÇOIABA;0;0,0
BARRA DE GUABIRABA;0;0,0
BELÉM DE MARIA;0;0,0
BELÉM DO SÃO FRANCISCO;0;0,0
BETÂNIA;0;0,0
BODOCÓ;0;0,0
BOM JARDIM;0;0,0
BUENOS AIRES;0;0,0
CABROBÓ;0;0,0
CALUMBI;0;0,0
CARNAUBEIRA DA PENHA;0;0,0
CARNAÍBA;0;0,0
CASINHAS;0;0,0
CEDRO;0;0,0
CHÃ DE ALEGRIA;0;0,0
CONDADO;0;0,0
CORTÊS;0;0,0
CUSTÓDIA;0;0,0
DORMENTES;0;0,0
EXU;0;0,0
FEIRA NOVA;0;0,0
FERNANDO DE NORONHA;0;0,0
FLORES;0;0,0
FREI MIGUELINHO;0;0,0
GAMELEIRA;0;0,0
GOIANA;0;0,0
GRANITO;0;0,0
IGUARACY;0;0,0
INGAZEIRA;0;0,0
IPUBI;0;0,0
ITACURUBA;0;0,0
ITAMBÉ;0;0,0
ITAPETIM;0;0,0
ITAPISSUMA;0;0,0
ITAQUITINGA;0;0,0
JATAÚBA;0;0,0
JATOBÁ;0;0,0
JOAQUIM NABUCO;0;0,0
JOÃO ALFREDO;0;0,0
LAGOA DE ITAENGA;0;0,0
LAGOA DO CARRO;0;0,0
LAGOA GRANDE;0;0,0
MACAPARANA;0;0,0
MACHADOS;0;0,0
MANARI;0;0,0
MARAIAL;0;0,0
MIRANDIBA;0;0,0
MOREILÂNDIA;0;0,0
OROBÓ;0;0,0
OROCÓ;0;0,0
PARNAMIRIM;0;0,0
PASSIRA;0;0,0
PAUDALHO;0;0,0
POÇÃO;0;0,0
PRIMAVERA;0;0,0
QUIXABA;0;0,0
SANTA CRUZ;0;0,0
SANTA CRUZ DA BAIXA VERDE;0;0,0
SANTA FILOMENA;0;0,0
SANTA TEREZINHA;0;0,0
SERRITA;0;0,0
SOLIDÃO;0;0,0
SÃO CAITANO;0;0,0
SÃO JOAQUIM DO MONTE;0;0,0
SÃO JOSÉ DO BELMONTE;0;0,0
SÃO VICENTE FÉRRER;0;0,0
TACARATU;0;0,0
TERRA NOVA;0;0,0
TIMBAÚBA;0;0,0
TRACUNHAÉM;0;0,0
TRINDADE;0;0,0
TRIUNFO;0;0,0
TUPARETAMA;0;0,0
VERDEJANTE;0;0,0
VICÊNCIA;0;0,0
XEXÉU;0;0,0
